{
 "shared": {
  "vInfantry": 0.9909731188296732,
  "vCavalry": 2.254977196741864,
  "vWarship": 1.5008142107654963,
  "vSiege": 2.687136796912726,
  "wSeat": 7.705171172568519,
  "wCitadelBonus": 3.090047891138254,
  "wIcons": 0.9845021585944848,
  "wLand": 1.5547423674446075,
  "wSea": 0.8109795417893381,
  "pDefend": 1.6319554437841233,
  "pSupport": 1.1091295456134351,
  "pMarch": 1.3983026634572906,
  "pRally": 1.2399747340781526,
  "pRaid": 0.889130741146467,
  "pRallyFort": 1.4675445942720058,
  "pStarBonus": 0.3960377814881592,
  "mAttackMargin": 1.6091722805006679,
  "mOverreach": 2.1889171613108602,
  "mStandDown": 0.30131767124691855,
  "mAbandonSeat": 2.961962351959224,
  "mLeaveControl": 0.8020106972379073,
  "rMusterPoint": 2.0221544858310936,
  "rAuthority": 1.0068984784061878,
  "muSpend": 2.0296042484855543,
  "muCavalry": 0.49995747495703086,
  "muShip": 0.39812327033678313,
  "raidHit": 1.9746387318538736,
  "raidSupport": 1.0031058918249924,
  "raidConsolidate": 0.5963545669955312,
  "bidSpendFrac": 0.407194397322726,
  "bidReserve": 1.9724923893844035,
  "bidOverspend": 1.4746724174561865,
  "bidInitiative": 0.9954276535911959,
  "bidProwess": 0.7775230557516581,
  "bidCommand": 0.9243094124193437,
  "invSpendFrac": 0.4905707636581989,
  "invReserve": 0.9960899592585004,
  "invThreatScale": 0.9714109029674948,
  "invOverspend": 1.1497729729063408,
  "cStakeScale": 1.008136317631366,
  "cHoard": 0.5004819711664221,
  "cSwords": 0.5981711515377867,
  "cForts": 0.5095394873151372,
  "cBlade": 1.0029918198048697,
  "cAbility": 0.9761887399913015,
  "rtSafety": 1.4523133277937348,
  "rtHome": 1.2135694434098494,
  "courierPeek": 1.1916376708568874,
  "courierPass": 1.015231940842515,
  "courierSwap": 0.29859237301985353,
  "peekBury": 1.008878053163355,
  "portShips": 0.7836840677537008
 },
 "perFaction": {}
}